Title,Location,Summary
빅데이터 분야,서울,"데이터 분석 모형 개발 ① R, Python, SQL 등 데이터 분석 도구... 분석 관련 자격 보유(빅데이터분석기사, ADsP, ADP 등) - R/ Python/SQL 등을 사용하여 데이터를 핸들링하고 대규모 데이터 셋에서 분석..."
한국행동과학연구소 각 부문 수시,서울 강남구,"CSS3, 모바일 프로젝트 및 반응형 웹구축 경험, 교육이수자 백엔드개발자 - 개발 및 유지보수 - java, python, php, nodejs 사용자- oracle, mysql 등 유경험자 근무조건 경영·인사·총무·사무..."
NPU 런타임 SW 엔지니어,성남 분당구,통신·모바일·게임>응용프로그래머>인공지능(AI)|인터넷·IT·통신·모바일·게임>빅데이터·AI(인공지능)> Python|인터넷·IT·통신·모바일·게임>빅데이터·AI(인공지능)>머신러닝|인터넷·IT·통신·모바일·게임>빅데이터·AI...
AI 분야,서울,"무를 경험하면서 조직과 함께 성장하고 싶으신 마인드를 보유하신 분 - Python 및 PyTorch, Tensorflow 등과 같은 딥러닝 프레임워크... 경력자 가능 - C/C++, Python, 딥러닝 프레임워크(PyTorch..."
AI Frameworks Engineer Intern,서울,knowledge of deep learning technologies. Programming with Python or Shell script. Education Students who are currently...
[NHN] 인사운영,성남 판교역,"분 - 꼼꼼하고 책임감 강한 분 - 일에 대한 열정이 있는 분 - 데이터 분석에 대한 지식이 있는 분 ( Python, R 등) 공통지원자격 - 병역필 혹은 면제로 해외여행에 결격 사유가 없는 자 지원방법 - 온라..."
ML Engineer (토스뱅크),서울 강남구,모바일·게임>빅데이터·AI(인공지능)>머신러닝|인터넷·IT·통신·모바일·게임>응용프로그래머>머신러닝(ML)|인터넷·IT·통신·모바일·게임>응용프로그래머> Python|인터넷·IT·통신·모바일·게임>데이터베이스·DBA>SQL
[NAVER Cloud] 데이터분석가,성남 분당구,BI 툴 활용 가능자- 개발 조직과 협업한 경험 보유자- 논리적 사용 능력과 커뮤니케이션 능력 인터넷·IT·통신·모바일·게임>빅데이터·AI(인공지능)>데이터분석|인터넷·IT·통신·모바일·게임>응용프로그래머> Python
클라우드 부문 인재,서울 중구,Linux|인터넷·IT·통신·모바일·게임>응용프로그래머>JAVA|인터넷·IT·통신·모바일·게임>응용프로그래머> Python|인터넷·IT·통신·모바일·게임>응용프로그래머>C#|인터넷·IT·통신·모바일·게임>응용프로그래머>ASP...
HR 데이터레이크 운영자,서울 중구,대시보드 구축 경험필요역량- ELK에 대한 이해를 바탕으로 데이터 간 관계를 이해 및 실행가능- Java/ Python/SQL 기반 Server to Server Programing 개발/운영- JIRA/CONFLUENCE...
해외 시장조사 및 산업조사 인턴,서울 강남구,"인문계열 - 영어 활용 역량[기타우대] - PPT, Excel, HWP 등 문서프로그램 활용 역량 - Python, R 활용 역량 - 영어, 중국어, 제2외국어 등의 역량 보유[근무조건] - 근무형태 : 인턴직(6개월..."
서버 개발자 Python(Django) Developer (주니어),서울 마포구,요건- Python/Django 실무 1~3년- RDBMS에 대한 기본 지식- REST API에 대한 기본 지식- AWS 등 클라우드 환경에 대한 관심과 경험 인터넷·IT·통신·모바일·게임>웹프로그래머> Python|인터넷...
데이터 사이언티스트,서울,유를 위한 원활한 커뮤니케이션 능력 • 긍정적인 사고 *Preference... 영어 회화 • Python or R을 활용한 프로그래밍 능력. • 데이터 시각화 혹은 데이터 분석 능력 • 통계 지식 근무 형태...
[뉴플랫폼기술] 클라우드 엔지니어,성남 분당구,Code를 이해하고 구현할 수 있는 분 ( 인터넷·IT·통신·모바일·게임>응용프로그래머>클라우드|인터넷·IT·통신·모바일·게임>응용프로그래머> Python|인터넷·IT·통신·모바일·게임>ERP·시스템분석·설계>AWS
각 부문 신입/경력 직원,서울 마포구,통신·모바일·게임>웹프로그래머> Python|인터넷·IT·통신·모바일·게임... 인공지능)> Python|인터넷·IT·통신·모바일·게임>응용프로그래머>인공지능(AI)|인터넷·IT·통신·모바일·게임>응용프로그래머> Python|인터넷...
[아도바주식회사] 데이터 분석가,서울 서초구,"핸들링 능력 보유자ㆍ 머신러닝 등 최신 알고리즘을 활용한 실제 비즈니스 문제 해결 경험 보유자ㆍ SQL, Python, R 등 통계/분석 프로그램 능숙자[우대사항] 인터넷·IT·통신·모바일·게임>빅데이터·AI(인공지능)>빅데..."
빅데이터 엔지니어 전문가,성남 분당구,"Model 발굴 및 구축이런 분을 찾습니다.필요 역량 및 직무경험· Python, Scala, Java 등 1개 이상의 프로그래밍 능력· 통계 기반... 통신·모바일·게임>응용프로그래머> Python|인터넷·IT·통신·모바일·게임..."
Graduate Student Intern,서울,1-2 semesters left for graduation. Familiar with C/C++/ python programming language. Good understanding of network...
"[리얼클래스]백엔드 개발자 (Backend Developer, Python)",서울 강남구,"[프로덕트그룹 소개]퀄슨 프로덕트 그룹은 퀄슨의 연구개발 조직으로, 유저의 학습경험 향상을 위한 제품개발과 운영효율 최적화를 위한 시스템을 만듭니다. 다양한 학습 컨텐츠를 더 나은 환경에서 제공하고, 진단을 통해 학습 효율성을..."
UX Researcher (정량/포트폴리오 없는 전형),서울 강남구,최적의 방법으로 사용자의 패턴을 정량적으로 분석해요. 인터넷·IT·통신·모바일·게임>웹디자인>UI·UX디자인|인터넷·IT·통신·모바일·게임>데이터베이스·DBA>SQL|인터넷·IT·통신·모바일·게임>응용프로그래머> Python
Python 기반 빅데이터 처리 개발자,서울 서초구,인터넷·IT·통신·모바일·게임>응용프로그래머> Python|인터넷·IT·통신·모바일·게임>빅데이터·AI(인공지능)> Python|인터넷·IT·통신·모바일·게임>빅데이터·AI(인공지능)>빅데이터|인터넷·IT·통신·모바일·게임...
[포티투마루] 인공지능(AI) 개발자 전 부문,서울 서초구,인터넷·IT·통신·모바일·게임>빅데이터·AI(인공지능)> Python|인터넷·IT·통신·모바일·게임>빅데이터·AI(인공지능)>머신러닝|인터넷·IT·통신·모바일·게임>빅데이터·AI(인공지능)>딥러닝|인터넷·IT·통신·모바일·게임...
(인천 송도) 인공지능(AI)분야 Python 개발 인력,인천 연수구,"송도) 인공지능(AI)분야 Python 개발 인력 구인 모집부문 및 자격요건 모집부문개발 모집직무인공지능(AI)·빅데이터, 솔루션·SI·ERP·CRM, 인공지능(AI), 소프트웨어개발, Python, TensorFlow 모집..."
"자율 주행, 로봇 SW 개발자",성남 수정구,"(주)에바 모집부문 및 자격요건 모집부문 담당업무 자격요건 인원 자율주행 SW 엔지니어 Python응용SW [담당업무]ROS 개발, 로봇 주행 알고리즘 개발, SW Optimization[근무부서 및 직급/직책]근무부서: 개발팀..."
각 분야별 인재 Pool 등록,서울,"자 - 데이터 분석 툴(Adobe Analytics 또는 Google Analytics) 유경험자 우대 - Python, R, SQL 역량 보유자 우대 - 데이터에 기반한 문제해결 능력 및 통계학적 지식 보유자 우대 - 담당..."
하반기 인턴직 모집,서울 을지로2가,"지니어 (IT 인프라 관리/운영) 서버, 네트워크 Bash, Java, Python ① 학력 : 초대졸 이상 (2020년 2월 이후 졸업/졸업예정... JavaScript, VC++, Python) 한솔 PNS IT 부문..."
코딩에 빠진 수퍼 개발자 (펌웨어 개발),성남 수정구,"학력무관직무기술: 펌웨어(Firmware), Embedded System S/W 개발(판교) c/c++, Python 3 명 근무조건 고용형태: 정규직근무부서: 개발팀급여조건: 연봉 협의 후 결정 전형단계 및 제출서류 전형단..."
System Engineer (토스),서울 강남구,네트워크·서버·보안>UNIX·LINUX계열 서버운영·관리|인터넷·IT·통신·모바일·게임>응용프로그래머>Linux|인터넷·IT·통신·모바일·게임>응용프로그래머> Python|인터넷·IT·통신·모바일·게임>응용프로그래머>클라우드
Cloud 기반 Backend 개발자,서울 중구,Lambda 기반 Backend API 개발 및 운영 경험 (필수)– Python 개발 및 SQL 작성 능력 (필수)– Public Cloud(AWS... 웹프로그래머>백엔드|인터넷·IT·통신·모바일·게임>웹프로그래머> Python
영상 데이터 검수자,서울 종로구,무관ㆍImage Labeling 검수 또는 Crawling 업무 경험ㆍ Python 기반 Image Control 경험 (우대)ㆍOA 활용 능력 보유자... 모바일·게임>응용프로그래머> Python|교육·교사·강사·교직원>IT·문화...
Software Engineer,서울,"support. Experience software verification in C++ or C or python or code coverage (LDRA) Demonstrated creative, critical..."
전문연구요원 (병역특례) 수시 (AI / HW 분야),성남 분당구,"모델의 RTL IP 설계 및 IP 검증 가능자 - Language: Python/Perl, C/C++ [우대 조건] - ARM based SoC 설계... Linux, shell, tcl, python, perl 사용 원활..."
Machine Learning Researcher (Computer Vision),서울,"more than one software language (ex: C, C++, C#, Java, Python, Javascript, Matlab, and so on.) Applicants must have..."
Backend Developer (Python/Senior/6년이상),서울 서초구,"니다.요기요는 국내 최대의 Python 개발 조직으로, 나아가 최고의 개발 조직이 되기 위해 노력합니다. Python 으로 server systems... 다져온 우리의 Python 개발 경험은 새로이 Python 세계에 들어오고..."
[네이버계열사][NIT Service] 네이버 파이낸셜 플랫폼 운영,성남 분당구,"및 어플리케이션 배포 전략 지식 보유 - Shell script, python 및 web framework 등 기타 프로그래밍 언어 활용 가능... 보유 - Shell script, python 및 web framework..."
[TmaxEdu/R&D] 연구 개발자(2022 공개),성남 분당구,"CSS, JavaScript, TypeScript [Server 개발(사용 언어)] - Java, Python, SQL [Framework(사용 언어)] - React.js, Spring [입사 지원 시 참고 사항..."
"교육 기획/운영, 시스템 기획",서울 성동구,"Science, Data Science, AI, Algorithm, Python 등... 데이터 분석, 인공지능, 프로그래밍 언어) 교육에 관심... AI, Algorithm, Python 등)• IT(데이터 분석, 인공지능..."
프론트엔드 개발자/디자이너/기획/마케터 정직원,성남 수정구,JAVA|인터넷·IT·통신·모바일·게임>웹프로그래머>백엔드|인터넷·IT·통신·모바일·게임>웹프로그래머> Python|인터넷·IT·통신·모바일·게임>웹프로그래머>HDML|인터넷·IT·통신·모바일·게임>웹프로그래머>APM|인터넷...
Software Engineer Intern,서울,"nationals with valid residential status in Korea. Fluent in Python, shell scripts and C/C++. Fluent in JavaScript, HTML..."
(주)데이터누리 데이터 분석가 정규직,서울 강서구,"직무내용] - 지원자격ㆍ경력 : 경력 1년 이상- 우대사항ㆍ Python, R 등 경험자ㆍ보유 자격(우대) : 데이터분석 전문가, 데이터분석 준전문가, 빅데이터분석기사, SQLP(SQL전문가), SQLD(SQL개발자), 정보처..."
Software Engineer,서울,"languages, including... limited to: C++, Java, C, and Python. Excellent verbal and written communication skills. About..."
"Customer Engineer, Data Analytics, Google Cloud",서울,"writing code in a common development language (e.g., Java, Python, JavaScript, C++, Scala, R, Go, etc.). About the job..."
Software Engineer,서울 강남구,"limited to: C++, Java, C, and Python.Excellent verbal and written communication... 로그래머>JAVA|인터넷·IT·통신·모바일·게임>응용프로그래머> Python"
기술유닛 프로그래밍 전부문(툴/엔진/렌더링/서버/클라이언트),서울 강남구,"독해 능력 (기술 문서)- 원활한 의사 소통 능력이 있으신 분 이런 경험이 있으면 더 좋아요!- 다양한 언어( python, js, groovy, lua) 경험이 있으신 분- SQL 경험이 있으신 분2. 렌더링 교육·교사·강사..."
JR0186078 AI Research Engineer Intern,서울,"architectures, and optimization strategiesProgramming skills with Python/C++Experience working with one or more deep learning..."
[KREAM] Server 개발자,성남 분당구,합니다. 인터넷·IT·통신·모바일·게임>응용프로그래머>API|인터넷·IT·통신·모바일·게임>응용프로그래머> Python|인터넷·IT·통신·모바일·게임>게임(Game)>서버·네트워크개발|인터넷·IT·통신·모바일·게임>ERP·시스...
[11번가] 클라우드 엔지니어,서울 중구,"이런 일을 합니다.[AWS, Terraform, Kubernetes, Python]11번가 Infra 조직은 현재 On-Premise 데이터센터에서 대규모의 서버팜과 Infra 를 안정적으로 운영하고 있으며 매달 십일절의..."
백엔드 경력 정규직,서울 성동구,대학교(4년)졸업• 전공계열: 공학계열[다루는 프로그래밍 언어]• Python Django 또는 JAVA Spring[필수조건 (아래 조건 중 최소... 통신·모바일·게임>웹프로그래머> Python|인터넷·IT·통신·모바일·게임...
생명정보학 부문 박사졸 선임연구원 정규직 정규직,서울 서대문구,"- Python or R 활용가능 -Linux terminal 능숙 -생물학... 생명정보학, 생물정보학-외국어: 영어 회화가능,독해가능,작문가능- Python or R 활용가능- Linux terminal 능숙- 생물학 기초 수강..."
Machine Learning R&D 연구원,서울 서초구,"가능) ㆍ최신 딥러닝, 기계학습 이론에 대한 이해 및 구현 역량 ㆍ Python, TnsorFlow, C/C++, TensorRT 등 프로그래밍 실무... 대한 이해 및 구현 역량 ㆍ Python, TnsorFlow, C/C++..."
Technical Solution Specialist,서울,concepts in applications on host and devices Skilled in python... C++ programming/debugging/profiling for Linux...
[CA] 웹 스크래핑 엔지니어,성남 분당구,데이터 파싱에 조예가 깊은 분· 웹 서비스 구축 역량을 지닌 분· Java 언어 실무 경험이 있는 분· Python 등의 스크립트 언어 실무 경험이 있는 분· 리눅스 운용 역량을 지닌 분 인터넷·IT·통신·모바일·게임>웹프로...
2022년 AIFFEL AI 인공지능 전문교육,서울 강남구,게임>빅데이터·AI(인공지능)> Python|인터넷·IT·통신·모바일·게임... 로그래머>머신러닝(ML)|인터넷·IT·통신·모바일·게임>응용프로그래머> Python|인터넷·IT·통신·모바일·게임>응용프로그래머>증강현실(AR)|인터넷...
기술 문서 작성 전문가,성남 분당구,모바일·게임>빅데이터·AI(인공지능)>인공지능(AI)|인터넷·IT·통신·모바일·게임>빅데이터·AI(인공지능)> Python|인터넷·IT·통신·모바일·게임>빅데이터·AI(인공지능)>머신러닝|인터넷·IT·통신·모바일·게임>빅데이터...
위고블록체인 연구소 연구원,서울 서초구,"경력자-블록체인기반 디지털자산관련 앱및웹서비스개발-백엔드와 네트워킹 시스템개발 경험-백엔드: Rails,Go, Python,Rust,C/C++-프론트: Ruby,Javascript,Flutter-블록체인: Solidity[필수..."
딥러닝 AI 개발 연구원,성남 수정구,시스템프로그래머>임베디드(Embedded)|인터넷·IT·통신·모바일·게임>응용프로그래머>C·C++|인터넷·IT·통신·모바일·게임>응용프로그래머>Linux|인터넷·IT·통신·모바일·게임>빅데이터·AI(인공지능)> Python
데이터분석 전문가 모집,서울 남대문로5가,"Data Studio R Python 담당 직무 11번가 데이터분석팀에... 용한 데이터 시각화 업무 경험이 있으신 분 •데이터 분석을 위한 R, Python등 프로그래밍 언어 활용이 가능하신 분 근무지 서울 스퀘어 지원..."
"신입/경력 개발자 (프론트엔드 2명, 백엔드 2명, 퍼블리셔 2명)",경기도 하남,"경험자: 반응형 웹 퍼블리싱 가능자 우대: vue, 리액트 가능자 우대2. 백엔드: java, php, python, nodejs, c# 중 1개 이상 가능자: 컴퓨터 전공학과 출신자 우대: 정보처리기사 자격증 보유자 우대3..."
[양재역] Node서버 개발자 (사원~과장급),서울 서초구,발자간 의사소통이 원활한 분 - python selenium으로 웹 크롤링... 소통하고 책임감 있는 분[우대사항]- 개발자간 의사소통이 원활한 분- python selenium으로 웹 크롤링을 해본 분- socket 통신 경험자...
"데이터베이스개발자, 웹개발 신입/경력 정규직",서울 영등포구,"개발자 ㆍCss/html 등 웹디자인 관련 유경험자 ㆍ자바스크립트, Python, C++, 닷넷 등 ㆍNode, Selenium, electron... 관련 유경험자ㆍ자바스크립트, Python, C++, 닷넷 등 ㆍNode..."
대학생인턴십 2기 모집,서울 영등포구,"러시아어 회화 가능자 - 통계 프로그래밍(Minitab, SPSS, SAS 등), 프로그래밍언어(R, Python 등) 활용 경험 보유자 - 빅데이터/IT/품질/환경안전 관련 자격증 보유자 - PLC,N/W, 비전, 센터..."
서버 개발자 Python(Django) Developer (경력),서울 마포구,유관직무 경력자 우대 서버 개발자 Python(Django) Developer... 있습니다.■ 자격 요건 인터넷·IT·통신·모바일·게임>웹프로그래머> Python|인터넷·IT·통신·모바일·게임>웹프로그래머>웹개발|인터넷·IT·통신...
[NAVER Cloud] 빅데이터 분석 플랫폼 개발,성남 분당구,"눅스 환경, 개발 및 운영에 대한 전문적인 지식을 보유- Linux에서 프로젝트 진행 가능- Java, Python,Go 중 한 가지 언어를 능숙하게 사용할 수 있는 능력 인터넷·IT·통신·모바일·게임>응용프로그래머>Linux..."
Developer Associate,서울,"Experience in C/C++ Experience in SQL, Python, Git Experienced... development... 20) Fluency in SQL, python MS or Ph.D..."
"[TmaxAI/R&D] NLP/음성 부문 AI모델 개발자(2022 공개, *전문연구요원 병역특례포함)",성남 분당구,"23년 2월 졸업 예정자 [음성, 자연어처리] -관련 분야의 연구 경험 / 기본 지식 보유자 -기본적인 Python 프로그래밍이 가능하신 분 [감성 분석 / 신사업 솔루션 개발] -머신러닝 및 딥러닝, 언어모델의 종류와..."
[2022 여름인턴] 프로젝트형 프로그래밍 직군,서울 강남구,인터넷·IT·통신·모바일·게임>응용프로그래머>C·C++|인터넷·IT·통신·모바일·게임>응용프로그래머> Python|인터넷·IT·통신·모바일·게임>웹프로그래머> Python
딥엑스 NPU SDK (DXNN) 개발 엔지니어,성남 분당구,통신·모바일·게임>빅데이터·AI(인공지능)>비전인식|인터넷·IT·통신·모바일·게임>빅데이터·AI(인공지능)> Python|인터넷·IT·통신·모바일·게임>빅데이터·AI(인공지능)>머신러닝|인터넷·IT·통신·모바일·게임>빅데이터...
[현대무벡스] 경력사원 상시,서울 종로구,ABAP|인터넷·IT·통신·모바일·게임>응용프로그래머>클라우드|인터넷·IT·통신·모바일·게임>응용프로그래머> Python|인터넷·IT·통신·모바일·게임>빅데이터·AI(인공지능)>인공지능(AI)|인터넷·IT·통신·모바일·게임...
[연구개발 부문] 연구원 (MCU 계측제어설계/머신비전/이미지프로세싱),경기도 광명,"프로그래밍 가능자 우대S/W 설계 부문 : - OPEN CV, TENSORFLOW, YOLO, CUDA/ Python, C++, C WindowsGUL APL, MFC Lib 활용 가능자. 머신비전/ 영상처리 개발자* 전기..."
2022년 레드우드케이 S/W 엔지니어,서울 성동구,인터넷·IT·통신·모바일·게임>응용프로그래머>자바스크립트|인터넷·IT·통신·모바일·게임>응용프로그래머> Python|인터넷·IT·통신·모바일·게임>응용프로그래머>Linux|인터넷·IT·통신·모바일·게임>빅데이터·AI(인공지능...
데이터 엔지니어 (전문연구요원 가능),서울 강남구,"있으신 분 빅데이터에 대한 알고리즘 작성 및 코딩 능력을 보유하신 분 Python, Java, Scala 중 한 가지 이상 언어에 능숙하신 분 우대사... 게임>빅데이터·AI(인공지능)> Python|인터넷·IT·통신·모바일·게임..."
2022년 파이썬활용 빅데이터 분석 전문가 국비무료 양성과정,서울 금천구,데이터분석|인터넷·IT·통신·모바일·게임>빅데이터·AI(인공지능)> Python|인터넷·IT·통신·모바일·게임>빅데이터·AI(인공지능)>데이터마이닝... 템분석·설계>컨설팅|인터넷·IT·통신·모바일·게임>웹프로그래머> Python
IT 인력,고양 일산동구,"프레임워크 개발 경험 - DB - Server* Back-end 개발자 - Java, Node.js, python 등 - Linux - REST API 활용 경험자 - CDN 연동 - DB - Server [근무시간 및 형태..."
AI Research Engineer Intern,서울,optimization strategies. Programming skills with Python/C++. Experience working with one or more deep learning frameworks...
[11번가] System Engineer 분야,서울 중구,"이런 일을 합니다.[Linux, IaC( python, java, bash 등), Private/public Cloud, Web/WAS/Cache/ELK ]시스템엔지니어링 조직은 대용량 DBMS, 대규모 가상화 클러스터 및..."
Cloud Service Developer for HANA Cloud Development and Data...,서울,"has Experiences in one or more... following: Python, Go, and so on Experiences with Kubernetes, Docker Experiences..."
[안양] 빅데이터 (리더),안양 동안구,"해당경력 3년~15년 - Java/ Python 개발 경험 - 빅데이터 관련... 빅데이터 연구용역, java, Python, Scalar, AWS, Azure, N Cloud- Java/ Python 개발 경험- 빅데이터 관련 프로..."
[NAVER Cloud] Media 서비스 개발,성남 분당구,"Spring 환경에 대한 이해 및 다양한 개발 경험 또는 Go, Python, C/C++등을 이용한 플랫폼 개발 경험- 비동기 프로그래밍 등 고성능... 그래머>C·C++|인터넷·IT·통신·모바일·게임>응용프로그래머> Python"
[인재 Pool / 상시 / 신입] R&D 박사,인천 연수구,C++|인터넷·IT·통신·모바일·게임>응용프로그래머>Linux|인터넷·IT·통신·모바일·게임>응용프로그래머> Python|인터넷·IT·통신·모바일·게임>네트워크·서버·보안>UNIX·LINUX계열 서버운영·관리|전자·기계·기술...
[PPM솔루션 클로바인] 연구소 IT 테크 직군 선행연구 개발자,서울 강남구,백엔드|인터넷·IT·통신·모바일·게임>웹프로그래머>프론트엔드|인터넷·IT·통신·모바일·게임>웹프로그래머> Python|인터넷·IT·통신·모바일·게임>응용프로그래머>클라우드|인터넷·IT·통신·모바일·게임>응용프로그래머>C·C++...
[TmaxOS/R&D] OS부문 개발자(2022 공개),성남 분당구,솔루션 개발 [주 사용 언어] - C/C++ - JavaScript/TypeScript - Java - Python 자격요건 (공통) 해외 여행에 결격 사유가 없는 자 - 4년제 대졸(학사) 이상 / 기졸업자 또는 23년...
"[TmaxMetaverse/R&D] 게임 엔진, 게임 서버, 메타버스 스튜디오, Vision AI 엔진 개발...",성남 분당구,"개발] - C++ 기반의 개발 경험자 - 멀티쓰레드, 네트워크 프로그래밍 지식 [Vision AI] - Python 기반의 개발 경험자 - Pytorch 및 Tensorflow 기반 Deep learning 모델 연구 경험..."
[외국계 스타트업 미소] Business Analyst,서울,통신·모바일·게임>빅데이터·AI(인공지능)>데이터분석|인터넷·IT·통신·모바일·게임>빅데이터·AI(인공지능)> Python|인터넷·IT·통신·모바일·게임>데이터베이스·DBA>MySQL|인터넷·IT·통신·모바일·게임>데이터베이스...
Cloud 부문,서울,"및 git 워크플로 - 데이터베이스 및 SQL에 대한 지식 - 프로그래밍 언어 에 대한 지식(Nodejs, Python 등) 우대사항 - 컴퓨터공학, 컴퓨터과학, 소프트웨어 공학 전공자 - 대규모 웹 서비스 환경 내 이슈..."
파이썬 개발자 초중급 이상,서울 서초구,전형 접수방법 채용시 접수방법: 인크루트 채용시스템 접수양식: 인크루트 이력서 기타 유의사항 입사지원서 및 제출서류에 허위사실이 있을 경우 채용이 취소될 수 있습니다. 인터넷·IT·통신·모바일·게임>응용프로그래머> Python
Software Architecture 설계 엔지니어,성남 분당구,경험 - Windows/Linux 상에서 C++/ Python 언어 사용 개발 경험 - C++ / Python 언어 사용 개발 경험 - 객체지향 설계에... 게임>빅데이터·AI(인공지능)> Python|인터넷·IT·통신·모바일·게임...
자산운용팀 전략/리스크팀 퀀트(겨울방학 인턴),대한민국,공자의 경우 관련 과목 12학점 이상 이수 - Microsoft 엑셀 능숙자 선택 사항 (평가 가산점) - Python 또는 VBA 등 코딩 Skill 보유 - 관련 업종에서 2개월 이상 인턴쉽 또는 근무 경력 보유 - 관련...
[kt ds] 2022년 각 부문별 경력사원 수시,서울 서초구,JAVA|인터넷·IT·통신·모바일·게임>응용프로그래머>C·C++|인터넷·IT·통신·모바일·게임>응용프로그래머> Python|인터넷·IT·통신·모바일·게임>응용프로그래머>자바스크립트|인터넷·IT·통신·모바일·게임>응용프로그래머...
[카카오커머스] 기술직군,성남 분당구,"우대사항 - 전자금융 감독규정, PCIDSS에 대한 실무 경험이나 이해도가 높으신 분 - JAVA, Python, shell script 등 개발 역량을 갖추신 분 - 웹/앱 취약점 진단 및 모의해킹 역량을 갖추신..."
[마블러스] 백엔드 개발자 주니어/시니어,대한민국,"Kotlin도 함께 다룰줄 아시는 분ㆍ Python으로 서버 개발 경험 있으시거나 언어를 두 개(Java, Python) 해도 괜찮으신 분ㆍ코드리뷰... 7년 이상ㆍJava 또는 python을 다룰줄 아시는 분ㆍ Spring..."
"웹프로그래머 (경력) / PHP, Python , Java",인천 부평구,"니다. *채용인원: 1명*담당업무: ㆍ웹개발 : 프로그램 개발 및 유지보수.자격요건: ? 언어 : PHP, Python ? 최소 1개 이상의 PHP 프레임워크(Codeigniter, Laravel 등)에 대한 개발경험이 있는..."
자동차 전장 Security 분야 전문가,서울 강서구,식에 대한 이해 - Linux 사용 경험 보유 (1년 이상) - Shell Scripting 제작 또는 Python Programming 경험 2. 우대사항 - SDL (Security Development Lifecycle...
[11번가] 데이터 엔지니어 분야,서울 중구,"kafka, Mongodb, Python 기반의 pub / sub 처리... 즐기는 분참고해주세요. 인터넷·IT·통신·모바일·게임>응용프로그래머> Python|인터넷·IT·통신·모바일·게임>데이터베이스·DBA>Oracle DB..."
"[대기업] 딥러닝 (AI, 영상인식) 전문가 (석박사급)",서울,공지능)>딥러닝|인터넷·IT·통신·모바일·게임>빅데이터·AI(인공지능)> Python|인터넷·IT·통신·모바일·게임>빅데이터·AI(인공지능)>데이터분석... 통신·모바일·게임>응용프로그래머> Python|인터넷·IT·통신·모바일·게임...
ML Modeler,서울 강남구,모바일·게임>빅데이터·AI(인공지능)>머신러닝|인터넷·IT·통신·모바일·게임>응용프로그래머>머신러닝(ML)|인터넷·IT·통신·모바일·게임>응용프로그래머> Python|인터넷·IT·통신·모바일·게임>데이터베이스·DBA>SQL
DNN 모델 개발 엔지니어,성남 분당구,통신·모바일·게임>빅데이터·AI(인공지능)>비전인식|인터넷·IT·통신·모바일·게임>빅데이터·AI(인공지능)> Python|인터넷·IT·통신·모바일·게임>빅데이터·AI(인공지능)>머신러닝|인터넷·IT·통신·모바일·게임>빅데이터...
ML Engineer (토스),서울 강남구,를 개발하고 운영해요.최적화된 머신러닝 파이프라인을 설계 및 인터넷·IT·통신·모바일·게임>응용프로그래머> Python|인터넷·IT·통신·모바일·게임>응용프로그래머>머신러닝(ML)|인터넷·IT·통신·모바일·게임>빅데이터·AI...
컴파일러 엔지니어(딥엑스),성남 분당구,통신·모바일·게임>빅데이터·AI(인공지능)>비전인식|인터넷·IT·통신·모바일·게임>빅데이터·AI(인공지능)> Python|인터넷·IT·통신·모바일·게임>빅데이터·AI(인공지능)>머신러닝|인터넷·IT·통신·모바일·게임>빅데이터...
[데이터 프로덕트] 데이터 엔지니어 모집,성남 판교역,"엔지니어링 2년 이상 업무경험 보유자 ⁃ 하둡 에코시스템의 전반적 이해를 바탕으로 ETL 가능하신 분 ⁃ python(필수), java, go, bash 등 언어 중 하나 이상 활용 가능하신 분 ⁃ 새로운 기술에 대한 관심이..."
"Software Engineer, Android Connectivity",서울 강남구,"one or more... following languages: C, C++, Java, or Python.Preferred qualifications:5 years of experience in Android..."
[인재풀] 아티스트 ART,서울,3D Max등의 아트웍 툴 사용 경험 Max script 또는 Mel Script의 사용 경험 C# 또는 Python 언어에 대한 이해 및 활용 능력 아트웍 관련 툴 제작 또는 플러그인 제작 경험 Electronic...
CX Consulting Engineer (Technical Leader) (3 positions),서울,"automation technologies and preferably know scripting ( Python, Perl or similar) Soft Skills: Excellent written and verbal..."
[뉴플랫폼기술] Kubernetes Engineer,성남 분당구,"운영 경력 5년 이상인 분· Cloud 환경에서 서비스 구축 및 운영 경험이 있 는 분· Golang, Python, Java, Javascript 등 하나 이상의 프로그래밍 언어에 익숙한 분 인터넷·IT·통신·모바일·게임..."
[11번가] 데이터 아키텍처 분야,서울 중구,"설계하고 필요한 기술set으로 개발하여 서비스에 전달 가능하신 분- Python, shell, Procedure 등을 통한 데이터 처리와 Batch... 통신·모바일·게임>응용프로그래머> Python|인터넷·IT·통신·모바일·게임..."
System SW 엔지니어,성남 분당구,사항: 대학교(4년)졸업 이상 [기본 요구능력] - ASM/C/C++/ Python 언어 코딩 기술 - 운영체제 SW 설계 및 구현 - 알고리즘/네트워... 게임>빅데이터·AI(인공지능)> Python|인터넷·IT·통신·모바일·게임...
[데이터엔지니어링팀] Data Engineer (시니어),서울 종로구,통신·모바일·게임>ERP·시스템분석·설계>AWS|인터넷·IT·통신·모바일·게임>데이터베이스·DBA>SQL|인터넷·IT·통신·모바일·게임>데이터베이스·DBA>NoSQL|인터넷·IT·통신·모바일·게임>응용프로그래머> Python
Modelling & Simulation (M&S) Software Engineer,서울,"JavaScript, CSS3, ASP.Net, Java, JSP, Python, SQL, Linux, Apache, Mysql, and PHP... programing languages: Python, JavaScript..."
네트워크 엔지니어 모집,서울 구로구,"네트워크 설계, 구축, 운영 경험 - 오픈소스 기반의 네트워킹 솔루션 설치 및 운영 - 개발 언어 지식 ( Python, Ansible 등) - CCIE 자격증 소지자 * 국가보훈대상자 및 장애인은 관련법령에 의거하여 우대합..."
시스템 엔지니어 모집,서울 구로구,"경험 - 컨테이너 기술을 이용한 운영 경험 - 오픈소스 기반을 활용한 시스템 구축 경험 - 개발 언어 지식 ( Python, Ansible 등) * 국가보훈대상자 및 장애인은 관련법령에 의거하여 우대합니다. * 서류전형 합격..."
Machine Learning Engineer-Eng,서울 강남구,프로그래머> Python|인터넷·IT·통신·모바일·게임>웹프로그래머>JAVA|인터넷·IT·통신·모바일·게임>응용프로그래머> Python|인터넷·IT·통신... 게임>빅데이터·AI(인공지능)> Python|인터넷·IT·통신·모바일·게임...
알파코 빅데이터 기반 딥러닝 부트캠프 3기 교육생,서울 성동구,통신·모바일·게임>빅데이터·AI(인공지능)>머신러닝|인터넷·IT·통신·모바일·게임>빅데이터·AI(인공지능)> Python|인터넷·IT·통신·모바일·게임>빅데이터·AI(인공지능)>딥러닝|인터넷·IT·통신·모바일·게임>빅데이터...
상점 계약 운영기획 담당자,서울 강남구,"심의 커뮤니케이션 역량을 지니신 분 1년 이상의 유관 업무 경험 우대사항 GA, Tableau, SQL, Python 등 기본적인 데이터 분석 역량이 있으신 분 Zapier, Airtable 등 업무 자동화 툴/프로세스 도입..."
2022년 5월 CTO 배터리 진단 분야 전문가,대전 유성구,"상태를 추정 및 진단하는 알고리즘 연구/개발 필요사항 -. 개발, 양산, 필드 빅데이터 처리/분석 경험 -. Python 숙련자 (Pandas, Tensorflow, Keras 등 머신러닝/딥러닝 Libraries 능숙 활용..."
"[누리어시스템] 금융 SI/SM 정규직 개발자 (Java, Python)",경기도 하남,"정규직 개발자 채용 (Java, Python) 누리어시스템, 누리어제이티는... 게임>웹프로그래머>백엔드|인터넷·IT·통신·모바일·게임>웹프로그래머> Python|인터넷·IT·통신·모바일·게임>데이터베이스·DBA>데이터베이스개발자..."
인사분야 신입사원 모집,서울 역삼동,"기획 • 전공무관 (상경계열 전공 우대) Trading • 전공무관 (상경/화공계열 전공 우대) • Python, VBA 등 코딩 능숙자 우대 재무(회계) • 전공무관 (재무관리/파생상품 관련 전공 우대) 구매..."
캐롯손해보험 인재 Pool 등록(2021),서울 중구,그래머>웹개발|인터넷·IT·통신·모바일·게임>웹프로그래머>JAVA|인터넷·IT·통신·모바일·게임>웹프로그래머> Python|인터넷·IT·통신·모바일·게임>웹프로그래머>프론트엔드|인터넷·IT·통신·모바일·게임>웹프로그래머>백엔드...
"Software Engineer, Android Connectivity",서울,"one or more... following languages: C, C++, Java, or Python. Preferred qualifications: 5 years of experience in Android..."
"백엔드 개발자, 모바일앱 개발자, 블록체인 개발자 경력직",서울 용산구,"우대사항 AWS 숙련자 php , python, 블록체인 관련 개발 경험자... spring linux SQL [우대요건] AWS 숙련자 php , python, 블록체인 관련 개발 경험자 3명 모바일앱개발(1名) [담당업무..."
2022년 ICT이노베이션스퀘어 인공지능(AI)/블록체인 3기 교육생,서울,통신·모바일·게임>빅데이터·AI(인공지능)>데이터분석|인터넷·IT·통신·모바일·게임>빅데이터·AI(인공지능)> Python|인터넷·IT·통신·모바일·게임>빅데이터·AI(인공지능)>머신러닝|인터넷·IT·통신·모바일·게임>빅데이터...
Python Developer (Internal Product),서울 강남구,합류하게 될 팀에 대해 알려드려요토스의 Python Developer는 팀 또는... 편리하게 사용할 수 있도 인터넷·IT·통신·모바일·게임>응용프로그래머> Python|인터넷·IT·통신·모바일·게임>웹프로그래머>웹개발|인터넷·IT·통신...
공무(실증플랜트) 신입사원 모집,서울 역삼동,"기획 • 전공무관 (상경계열 전공 우대) Trading • 전공무관 (상경/화공계열 전공 우대) • Python, VBA 등 코딩 능숙자 우대 재무(회계) • 전공무관 (재무관리/파생상품 관련 전공 우대) 구매..."
Data Scientist (토스신용데이터),서울 강남구,이터분석|인터넷·IT·통신·모바일·게임>빅데이터·AI(인공지능)> Python|인터넷·IT·통신·모바일·게임>빅데이터·AI(인공지능)>하둡(Hadoop... 통신·모바일·게임>응용프로그래머> Python|인터넷·IT·통신·모바일·게임...
[직원] 전산실 개발 인력,서울 종로구,"Javascript 작업 가능자REST API, JSON, XML, ODATA, 공공 API 사용 경험자AI/ML Python 사용 경험자 우대 4) 우대사항 인터넷·IT·통신·모바일·게임>전산·IT기술지원>전산직"
"Software Engineer, Camera 3A",서울,"driver, hal, framework, and application. Experience in any of Python, Halide, and Neon programming. About the job Google..."
Datacenter Engineer,서울,"Base Operating System Install • Some experience with Perl, Python, Bash or Java • Core OS Services: ssh, telnet, ftp, nfs..."
DT운영팀 경력직 (팀원),서울 강남구,"시각화 -공공 데이터 연계 및 활용 서비스 개발이런 분을 찾습니다.자격요건-학력 : 대졸이상-프로그래밍 개발( Python, Java) 경험 5년 이상-Database, SQL 중급 이상 이해도-AWS, Hadoop 등 DT..."
[TmaxFinTech/R&D] AI & FinTech 프론트엔드 개발자(2022 공개),성남 분당구,"전산관련 전공 - 반응형 디자인, 웹 접근성, 웹 표준을 고려한 UI 개발 경험이 있는 분 - Node.js, Python, PHP와 같은 다양한 언어 및 프레임워크 경험이 있는 분 - 테스트 및 배포 자동화 경험이 있는 분..."
Technical Support Engineer-Developer,서울,"developing with Chatbot, Linux, Apache, Java, Node, Python, PHP, or Ruby - Knowledge and experiences of cloud services (Azure..."
[TmaxGroup/QA] QA 엔지니어 (2022 공개),성남 분당구,"경력) - Java(Spring), Python - 테스트 자동화 프레임워... 보유자 - 테스트 자동화용 Shell Script 작성 경험자 - Python 사용 경험자 *HyperCloud - K8S 사용 경험자 - 컴퓨터..."
"영상처리, 컴퓨터 비전 전문가 (신입/경력)",성남 수정구,"인원 [담당업무] Python, C++, MFC, C를 이용하여 - OpenCV 로 Visual SLAM 개발- MFC, Python을 이용하여 GUI... 통신·모바일·게임>응용프로그래머> Python|인터넷·IT·통신·모바일·게임..."
금융 Data scientist,서울 송파구,". R, Python, SQL 등을 활용한 기본적인 데이터 처리 및 분석 경험... 직책]근무부서: 플랫폼부문직급/직책: 팀원, 대리, 사원 [자격요건]. R, Python, SQL 등을 활용한 기본적인 데이터 처리 및 분석 경험..."
Search Engineer (Engineering),서울 강남구,업무에요 인터넷·IT·통신·모바일·게임>응용프로그래머>JAVA|인터넷·IT·통신·모바일·게임>응용프로그래머> Python|인터넷·IT·통신·모바일·게임>응용프로그래머>Linux|인터넷·IT·통신·모바일·게임>네트워크·서버·보안...
Recruitment for Verification Engineer,서울,"ACE) protocol 경험 Verilog HDL, SystemVerilog 사용 경험 Perl, Python 등의 script 사용 경험 C, C++ 사용 경험 UVM 검증 관련 경력자 우대 UVM 검증 경험이..."
"Mondrian AI개발자 (Web, 프론트엔드, 백엔드)",인천 연수구,"c, 소프트웨어개발, MySQL, API, Python, Windows, 웹개발, 프론트엔드, Python, .NET, 백엔드 모집학력학력무관고용형태... 게임>빅데이터·AI(인공지능)> Python|인터넷·IT·통신·모바일·게임..."
"Associate Software Engineer, gReach Program for Veterans (보훈...",서울,"more programming languages (e.g., Python, C, C++, Java, JavaScript, etc.). Ability... C++, Java, C, Python, etc.). Experience..."
"Cloud Engineer, Infrastructure, Google Cloud Professional",서울 강남구,"e.g., Java, Python, etc.)Preferred... 프로그래머>JAVA|인터넷·IT·통신·모바일·게임>응용프로그래머> Python|인터넷·IT·통신·모바일·게임>응용프로그래머>Linux|인터넷·IT·통신..."
2022년 하반기 인턴십(채용연계형),서울,DB 등 기본적인 CS지식을 보유하고 있는 분 Git을 통한 협업 경험과 Code Review 익숙하신 분 Python 사용 경험이 있으신 분 기술문제를 깊이 분석하고 기술적 방법으로 문제를 해결하는 경험을 갖춘 분 우대사...
Software Engineer,경기도 성남,"C++ 능숙자 (주요 언어는 C++이며 C#도 활용) Java 및 Python 경험 선호 영어활용 중급 이상 (외국인과 천천히라도 본인의 의견을 표현... C#, JavaScript, Python. Working knowledge..."
[전문연구요원 신규편입/전직] 의료영상/음성인식/생체신호 연구원,서울 서초구,인공지능)>텍스트마이닝|인터넷·IT·통신·모바일·게임>빅데이터·AI(인공지능)>인공지능(AI)|인터넷·IT·통신·모바일·게임>빅데이터·AI(인공지능)> Python|인터넷·IT·통신·모바일·게임>빅데이터·AI(인공지능)>딥러닝
[클라우드플랫폼실] System Engineering팀 클라우드 엔지니어,서울 강남구,라우드|인터넷·IT·통신·모바일·게임>응용프로그래머>Linux|인터넷·IT·통신·모바일·게임>응용프로그래머> Python|인터넷·IT·통신·모바일·게임>통신·모바일>플랫폼(VM)|인터넷·IT·통신·모바일·게임>ERP·시스템분석...
[제약] 신약 분자설계 연구(선임/책임),성남 분당구,구원 (총 1명). 학력/ 분야 : 석사 및 박사 / 분자모델링 [우대사항]`모델링 소프트웨어 활용능력 - Python 등 programming 경험자 우대 - 병역특례 가능 의료·간호·보건·복지>약무·제약>제약연구개발|전자...
교육 웹 서비스 기획/ 콘텐츠 서비스 기획,서울 성동구,"Science, Data Science, AI, Algorithm, Python 등... 데이터 분석, 인공지능, 프로그래밍 언어) 교육에 관심... AI, Algorithm, Python 등)• IT(데이터 분석, 인공지능..."
SW 개발 직군,성남 분당구,"Embedded Linux 기반 C, C++ 언어 사용- Windows용 카메라 제어 Tool(C#, Python 등) 개발O명판교한화인 1:1 문의하기 인터넷·IT·통신·모바일·게임>전산·IT기술지원>S/W 엔지니어|인터넷..."
국내 대기업 - 고객 데이터분석 포지션,서울,"도출 경험자 - 데이터 분석 지식 및 분석 Tool((SQL, R, Python 등) 사용가능자 - 고객 Segmentation 및 타겟마케팅 실행... 게임>빅데이터·AI(인공지능)> Python|인터넷·IT·통신·모바일·게임..."
가상자산 트레이딩 / 시스템 개발자,서울 강남구,및 제출서류에 허위사실이 있을 경우 채용이 취소될 수 있습니다. 금융·보험·증권>투자·분석·증권·외환>자산관리|인터넷·IT·통신·모바일·게임>응용프로그래머> Python|인터넷·IT·통신·모바일·게임>응용프로그래머>C·C++
Data 분야 경력,서울,"해가 뛰어난 자 - R, Python, SAS, SQL 등 활용 역량 우대사항(해당 내용 중 1개 이상) - ML/DL 경험 인력 우대 - 관련 분야 석사 이상 학위 소지자 우대 - R, Python등 데이터분석 모델링 경험..."
AI Research Engineer,서울,"PyTorch, Caffe, and MxNet - Strong programming skills with Python and C/C++ - Experiences in programming and testing in Linux..."
DBA (토스신용데이터),서울 강남구,모바일·게임>데이터베이스·DBA>SQL|인터넷·IT·통신·모바일·게임>데이터베이스·DBA>MySQL|인터넷·IT·통신·모바일·게임>데이터베이스·DBA>Oracle DB|인터넷·IT·통신·모바일·게임>응용프로그래머> Python
Network Engineer (토스증권),서울 강남구,설계하고 구축해요. 인터넷·IT·통신·모바일·게임>네트워크·서버·보안>네트워크구축·운영·관리|인터넷·IT·통신·모바일·게임>네트워크·서버·보안>TCP·IP·IPX|인터넷·IT·통신·모바일·게임>응용프로그래머> Python
System Engineer (토스증권),서울 강남구,통신·모바일·게임>ERP·시스템분석·설계>AWS|인터넷·IT·통신·모바일·게임>응용프로그래머>클라우드|인터넷·IT·통신·모바일·게임>응용프로그래머> Python|인터넷·IT·통신·모바일·게임>데이터베이스·DBA>데이터아키텍처
[전문연구요원] 의료영상 리서치 엔지니어 정규직,서울 마포구,"학력무관직무기술: VISUALC++, 응용프로그래밍, C·C++, Python, AI개발 2 명 근무조건 고용형태: 정규직(수습기간3개월)근무부서... 머신러닝(ML)|인터넷·IT·통신·모바일·게임>응용프로그래머> Python"
"Cloud Architect , Professional Services",서울,"through DevOps scripting (E.g. Shell, Python) Configuration management using... 데브옵스 스크립작성 (Shell, Python 등)을 통한 인프라 자동화..."
"S/W 엔지니어, 데이터분석 신입/경력 정규직, 인턴",성남 분당구,"케이션 제작 및 유지보수 업무- Python, Golang, QT 중 선택... 2. 시스템프로그래머- Python, Golang, QT 중 선택 가능3. 영상데이터 분석 및 모델링- python기반 영상데이터 분석 및 모델링..."
2022 비플라이소프트 인재,서울 광진구,통신·모바일·게임>웹프로그래머> Python|인터넷·IT·통신·모바일·게임... 통신·모바일·게임>응용프로그래머> Python|인터넷·IT·통신·모바일·게임>빅데이터·AI(인공지능)> Python|인터넷·IT·통신·모바일·게임>웹디자...
Vision AI 분야 전문가,서울 중구,대한 이해 – AWS 등의 클라우드 서비스 및 기술에 대한 이해 – Python 기반의 Machine Learning에 대한 기본적인 이해자격요건... 분석·설계>AWS|인터넷·IT·통신·모바일·게임>응용프로그래머> Python
자동차 전장 ADAS SW 분야 전문가,서울 강서구,multi-view geometry - 중급 이상 C/C++/ Python 개발 및 computer vision관련 tool 활용 가능... 트롤 - 중급 이상 C/C++/ Python/MATLAB 및 computer...
[박람회] 소프트웨어 개발자,서울 성동구,"연구과제/시범사업 R&D 참여- 윈도우 기반 GUI 프로그램** 자격요건- C, C++, C#, WPF, Python 언어 등 개발- JAVA, MFC, VB 언어 중 1가지 이상 사용- DataBase , TCP/IP 소켓..."
Data Analyst,서울 강남구,빅데이터·AI(인공지능)>데이터분석|인터넷·IT·통신·모바일·게임>웹프로그래머> Python|인터넷·IT·통신·모바일·게임>응용프로그래머> Python|인터넷·IT·통신·모바일·게임>데이터베이스·DBA>SQL|인터넷·IT·통신...
영상 인식 알고리즘 개발자,서울 구로구,"1) 주요 업무 분야 : 머신 비젼, 영상 처리, 딥러닝 알고리즘 2) 사용 언어 : C, C++, Python 3) TensorFlow, Deep Learning 관련 지식 보유자 우대 4) Vision, Image..."
Software Engineer - Python and K8s,서울,"we are building a new community around Python opscode for open source applications... who enjoy Python, have a passion..."
백엔드 개발자 (Backend Developer),서울 강남구,"메이아이의 핵심 서비스인 방문객 데이터 대시보드의 API 개발 * Python/Django/Django Rest Framework를 기반으로 API를... 이런 분을 찾습니다. * Python, Django, Django Rest..."
서버개발자(벡앤드) 정규직,서울 강남구,시스템 개발 [자격요건]• 경력사항: 경력(3년 이상 7년 이하)• 학력사항: 학력무관• 중상급 이상의 Python 또는 JavaScript 언어 활용 가능자• Django 또는 Node.js rest framework에...
2022년 상반기 백엔드 개발자,성남 분당구,"및 경력자 우대 - IT관련 경진대회 수상자 우대 - JS, PHP, Python 등 Back End 관련 프로젝트 경험자 우대 - SQL관련 자격증... 진대회 수상자- JS, PHP, Python 등 Back End 관련 프로..."
CX Consulting Engineer (Technical Leader),서울,"automation technologies and preferably know scripting ( Python, Perl or similar) Soft Skills: Excellent written and verbal..."
System Engineer (토스뱅크),서울 강남구,DBA>데이터아키텍처|인터넷·IT·통신·모바일·게임>응용프로그래머>Linux|인터넷·IT·통신·모바일·게임>응용프로그래머> Python|인터넷·IT·통신·모바일·게임>네트워크·서버·보안>UNIX·LINUX계열 서버운영·관리
데이터 전문가(모델러/분석가/엔지니어) 모집,성남 판교역,대용량 데이터를 효율적으로 사용하기 위한 기반 데이터 가공 지원자격 데이터 사이언스를 위한 언어(R/ Python/Scala) 및 도구(scikit-learn/Spark MLlib/Tensorflow/Pytorch 등)를...
A.I.개발자,서울 송파구,"서비스 모델 IOT 플랫폼에 적용✔️ 필요 역량입니다.- 관련 경력 3 ~ 10년 이하 이신 분- python 언어를 통한 분석 가능하신 분- 리눅스 기반 개발 가능하신 분- 다양한 직군과의 커뮤니케이션, 다양한 상황에 대한..."
"Solutions Architcet 전문가 (과장-이사급 00명) , 글로벌 Top 클라우드 서비스 기업",서울 강남구,"루비 (Ruby), 파이썬 ( Python), Node.js 등 · 개발자... 응용프로그래머>클라우드|인터넷·IT·통신·모바일·게임>응용프로그래머> Python|인터넷·IT·통신·모바일·게임>응용프로그래머>머신러닝(ML)|인터넷..."
해석부문 신입사원 추가 공개채용,서울 가산동,"및 금형파손분석, 주조해석(AnyCasting 사용 가능자 우대) • 업무자동화(Coding, VBA, Python), 인공지능, 딥러닝/머신러닝, 빅데이터 기계, 자동차, 전기전가, 제어 및 관련학과 서울 공통자격..."
Data Engineer & Scientist,서울 영등포구,"Athena, Google Firebase/BigQuery 등) - Unix/Linux 환경 경험 - 3년 이상 Python/R/SQL/NoSQL Scripting Language 사용 및 협업 경험 우대사항 - 엔터프라이즈..."
Software R&D 경력,경기도 평택,"사용 가능 php, java, python, node.js) - SQL... Programming Language : C, C++, Java, Python등 - Linux Embedded System 개발 4)우대 사항..."
[그랑사가] 툴/클라이언트 프로그래머,서울 강남구,블록체인 기반 프로젝트 및 NFT(대체불가토큰) 등 인터넷·IT·통신·모바일·게임>응용프로그래머>C·C++|인터넷·IT·통신·모바일·게임>응용프로그래머> Python|인터넷·IT·통신·모바일·게임>웹프로그래머> Python
데이터 엔지니어,서울 강남구,게임>빅데이터·AI(인공지능)> Python|인터넷·IT·통신·모바일·게임... 게임>ERP·시스템분석·설계>AWS|인터넷·IT·통신·모바일·게임>웹프로그래머> Python|인터넷·IT·통신·모바일·게임>응용프로그래머> Python
2022년 인텔AI 인공지능 개발자 양성 프로젝트 교육생,부산,게임>웹프로그래머>Ruby|인터넷·IT·통신·모바일·게임>웹프로그래머> Python|인터넷·IT·통신·모바일·게임>웹프로그래머>ASP.NET|인터넷... 게임>빅데이터·AI(인공지능)> Python|인터넷·IT·통신·모바일·게임...
[신입] 미래 인재 DB,서울,"플랫폼 및 운영체제(Linux/RTOS 등) 이해 ㆍ마이크로컨트롤러 활용 경험/지식 [우대사항] ㆍJAVA/ Python 활용 역량 ㆍ기능안전 ISO26262, A-SPICE 프로세스 이해 ㆍHW 회로도 이해 및 분석 역량 ㆍ..."
[대형증권사] IT퀀트 개발자,서울 강남구,통신·모바일·게임>웹프로그래머> Python|인터넷·IT·통신·모바일·게임... 응용프로그래머>JAVA|인터넷·IT·통신·모바일·게임>응용프로그래머> Python|인터넷·IT·통신·모바일·게임>빅데이터·AI(인공지능)>음성인식|인터...
Diploma Student / Intern_Linux/C++/Python,서울,Required skills: Proficiency in Linux Coding skills in C++ and Python Understandings on docker containers and Kubernetes...
"Technical Solutions Engineer, Wear OS",서울,"developing web applications and programming languages (e.g., Python, Go, Java, JVM Hotspot, HTTP, HTTPS). Preferred..."
"웹프로그래머 모집(경력) / PHP, Python , Java의 기업정보",인천 갈산동,"웹프로그래머 모집(경력) / PHP, Python , Java의 기업정보 인증된... 키워드 안내) 구인제목 웹프로그래머 모집(경력) / PHP, Python , Java 모집직종 웹 개발자(웹 엔지니어·웹 프로그래머)(133301..."
D-lab 팀원 모집,서울 여의도,"Spark 등) - Data Pipeline 구성, 모니터링 및 성능 최적화 (Tableau 또는 Python Torch, Tensorflow 등 ML Library와 BI 분석을 위한 데이터 공급) 2) Back..."
[데이터 프로덕트] 실험(A/B Test) 분석가 모집,성남 판교역,"분석 등 전 과정에서 주도적으로 참여한 경험) ⁃ 통계적 가설 검정 방법론에 대한 지식 및 경험 보유 ⁃ Python, R 등 분석용 프로그래밍 언어 하나 이상 활용 가능 #우대사항 ⁃ 내외부 실험플랫폼 운영 경험 ⁃ 하둡..."
카카오 데이터의 가치를 발굴할 데이터 분석가 모집,성남 판교역,"및 해석) －데이터 분석 업무를 수행할 수 있는 언어 스킬 필수 (1) SQL 필수 (2) R 또는 Python을 다룰 수 있는 분 (SAS, SPSS, GA, tableau 등 통계 툴만 사용 가능한 경우 제외) －하둡..."
Vocational Training Program Intern (Developer/Researcher Rol...,서울,"e.g. C, C++, Python, JavaScript... validation in scaleout system SDA python test script refactoring Intelligent Data..."
[외국계 스타트업 미소] Data Analyst,서울,통신·모바일·게임>빅데이터·AI(인공지능)>데이터분석|인터넷·IT·통신·모바일·게임>빅데이터·AI(인공지능)> Python|인터넷·IT·통신·모바일·게임>데이터베이스·DBA>MySQL|인터넷·IT·통신·모바일·게임>데이터베이스...
Test Engr II,서울,"Digital log analysis, modbus API SW test, web automation with python SW Individuals that assemble facts from various areas..."
"백엔드개발자, 모바일앱 개발자, 블록체인 개발자 신입",서울 용산구,"우대사항 AWS 숙련자 php , python, 블록체인 관련 개발 경험자... spring linux SQL [우대요건] AWS 숙련자 php , python, 블록체인 관련 개발 경험자 3명 모바일앱개발(1名) [담당업무..."
[11번가] 빅데이터 처리 시스템 개발 분야,서울 중구,"비스 시스템 설계/개발/운영이런 분을 찾습니다.Java, Scala, Python, R, SQL등 언어를 이용한 개발 경력(3년 이상)을 보유하신 분... 통신·모바일·게임>웹프로그래머> Python|인터넷·IT·통신·모바일·게임..."
1-yr Internship: Sensor Lab Engineer,서울,Bachelor’s or Master's course (Major... relevant.) Python or other similar S/W language experiences Able to work for 12...
[크립토랩] 파이썬 기반 동형암호 근사다항식 구현 인턴,서울 관악구,급하여 글로벌 시장 매출을 확보해 나가고 있습니다. 모집부문 및 자격요건 담당업무 자격요건 인원 [담당업무]ㆍ Python 동형암호 프레임워크 학습ㆍHEaaN.math의 동형암호를 위한 근사다항식 인터넷·IT·통신·모바일·게임...
[쿠키런: 킹덤] 데이터 소프트웨어 엔지니어,서울 강남구,통신·모바일·게임>전산·IT기술지원>S/W 엔지니어|인터넷·IT·통신·모바일·게임>게임(Game)>게임 기획|인터넷·IT·통신·모바일·게임>응용프로그래머>JAVA|인터넷·IT·통신·모바일·게임>응용프로그래머> Python
[NHN SOFT] Back-End 경력 개발자,성남 분당구,통신·모바일·게임>웹프로그래머> Python|인터넷·IT·통신·모바일·게임... 로그래머>증강현실(AR)|인터넷·IT·통신·모바일·게임>응용프로그래머> Python|인터넷·IT·통신·모바일·게임>응용프로그래머>머신러닝(ML)|인터넷...
[신입/경력] 의료영상/음성인식/생체신호 연구원,서울 서초구,게임>빅데이터·AI(인공지능)>인공지능(AI)|인터넷·IT·통신·모바일·게임>빅데이터·AI(인공지능)>딥러닝|인터넷·IT·통신·모바일·게임>응용프로그래머>C·C++|인터넷·IT·통신·모바일·게임>응용프로그래머> Python
웹 개발자 경력 Java/Php/Javascript/Python/Html/CSS 등 프로젝트 경력자,대전 서구,"(주)바이오브레인 웹 개발자 경력 채용 모집부문 및 자격요건 담당업무 자격요건 인원 [담당업무] ㆍ웹 기반 프로젝트 개발 및 운영 [근무부서 및 직급/직책] 직급/직책: 대리 [자격요건] ㆍJava, Php..."
클라우드 분야 경력,서울,"가능하신 분 ② 인프라 운영에 필요한 기본적인 스크립트 작성 능력 보유 - ShellScript, Python, Java 등 우대사항(해당 내용 중 1개 이상) - 대용량 데이터베이스 운영 경험 - OGG, SharePlex..."
[Engineering Div.] 인프라보안 / CERT Engineer (10년 이상),서울 강남구,"PaaS 환경을 경험보안솔루션 구축/운영/관리 경험보안관련 로그나 이벤트를 분석하고 대응할 수 있는 분 Python, shell script 등의 스크립트 제작 및 활용 역량 이런 경험들이 있다면 저희가 찾는 그 분입니다..."
[마비노기모바일] 연구 개발 프로그래머,서울 강남구,"험을 풍성하게 할 기술 개발 작업에 참여합니다.- 머신러닝, VR 등 신기술을 탐색, 실험합니다.- C#, Python, Javascript 등 다양한 언어와 환경을 사용합니다. 인터넷·IT·통신·모바일·게임>게임(Game..."
Developer / Designer recruit,서울 논현동,"language (i.e Python, Ruby, Java, .Net... High proficiency in Python... knowledge... least one Python web framework..."
Python Programmer,서울 서초구,개발 – JAVA 프로그래밍(라이브러리 활용) – Spring 프레임 워크 개발 – Python API 프로그래밍 우대사항 – Python 개발 경험 – Open Source 라이브러리 개발경험 – Web 표준에 대한 경험...
[성과공유기업] 백엔드 개발자,서울 강남구,"WPF, MSSQL 가능자[우대사항] - WPF, .NET Core, Python 개발 경험 있으신 분 - Redis, kafka, MongoDB... 프로그래머>API|인터넷·IT·통신·모바일·게임>응용프로그래머> Python"
국내 대기업 - AI 및 딥러닝 관련 경력자,서울,"관련 전문 지식 있는 분 - Python 또는 Scala, JAVA 활용... 레임워크 활용 역량 좋은 분- 자연어처리 관련 전문 지식 있는 분- Python 또는 Scala, JAVA 활용 역량- 미디어/커머스/전자/IT 업계..."
기술 인턴 인공지능 응용 연구/개발 인턴,서울 관악구,"6개월) (협의) *모집 절차: 서류 à인터뷰(오프라인) *지원 자격: 프로그래밍 언어 활용 능력: Python, C, C++ 중 1가지 이상 데이터구조, 알고리즘 과목 이수 머신러닝과 딥러닝의 기본 개념 이해 머신러닝..."
Machine Learning Engineer Intern - Korea,서울,"Fluent... least one programming language including Python, Java, and Golang. Fluent in speaking and writing both Korean..."
DevOps Engineer (Automotive),서울,"Atlassian products (JIRA/Confluence/Bitbucket), Linux, Python, Groovy, Grafana, Docker Nice to have Codesonar, Artifactory..."
Actuator분야 경력/신입 (개발/Tribology/설비/생산기술),경기도 안산,가능인원 - 일반 Motor 구동 원리의 이해도가 높은자 - 파이썬( Python) 사용 능숙자 우대 - 외국어 역량 우수자 우대 (TS 150점 이상... 등 공학 전공자 - 파이썬( Python) 사용 능숙자 우대 - Ball...
[NIT Service] 네이버 파이낸셜 플랫폼 운영,성남 분당구,"및 어플리케이션 배포 전략 지식 보유 - Shell script, python 및 web framework 등 기타 프로그래밍 언어 활용 가능... 보유 - Shell script, python 및 web framework..."
Data Engineer (Kafka) (토스),서울 강남구,응용프로그래머>JAVA|인터넷·IT·통신·모바일·게임>응용프로그래머> Python|인터넷·IT·통신·모바일·게임>빅데이터·AI(인공지능)> Python|인터넷·IT·통신·모바일·게임>빅데이터·AI(인공지능)>하둡(Hadoop...
데이터 분석가,서울 송파구,"및 분석, 개선- 서비스화를 위한 플랫폼 적용✔️ 필요 역량입니다.- 분석 업무 3~10년 이하 이신 분- python 언어를 통한 분석 가능하신 분- 분석을 통한 실제 비즈니스 문제 해결 경험- 다양한 직군과의 커뮤니케이션..."
통합 log관리 시스템 개발 위한 전문가,서울 종로구,"수 있는 toolchain 구성을 준비하고 있습니다.이런 분을 찾습니다.필요 역량 및 경험- Java, Python, C++ 등 1개 이상 개발 언어 숙지- MySQL 또는 유사한 RDBMS을 활용한 서비스 개발 경험- OS..."
[주4.5일] JAVA 백엔드 개발자,서울 구로구,반드시 한 번 이상 들어본 '모비온' 또한 당사의 자랑스러운 브랜드입니다. 모집부문 / 상세내용 사용 기술 python java linux jquery javascript 인터넷·IT·통신·모바일·게임>응용프로그래머>JAVA...
서버 백 엔드 개발자,서울 마포구,작성되어 있어 이를 PHP기반 Laravel프레임워크로리팩토링 중입니다. 새로운 서비스 개발에는 PHP와 Python등을 활용합니다. 담당업무 - 백엔드 서버 API개발 - Legacy 코드 유지보수 / 리팩토링 - 내부...
(주)리얼데이터 분석컨설팅 인력,서울 성동구,이터·AI(인공지능)>데이터마이닝|인터넷·IT·통신·모바일·게임>빅데이터·AI(인공지능)>빅데이터|인터넷·IT·통신·모바일·게임>빅데이터·AI(인공지능)> Python|인터넷·IT·통신·모바일·게임>빅데이터·AI(인공지능)>R
데브옵스(DevOps) 엔지니어 (전문연구요원/보충역 가능),서울 강남구,운영 경험이 1년 이상 Linux에 대한 실무 지식과 서버 운영 경험 Python 등 프로그래밍 또는 스크립팅 익숙한 언어 보유 코드로 관리하는 인프... 통신·모바일·게임>응용프로그래머> Python|인터넷·IT·통신·모바일·게임...
신입/경력 SW 개발자,서울 서초구,"2. 기본적인 문서 작성 능력3. 프로그래밍 - Java, JSP, Spring Framwork 개발역량 - Python - C4. 기본적인 DBMS 활용 능력 [근무시간 및 형태] 주 5일 근무 (오전) 9시 00분~(오후..."
웹 스크래핑 개발자 영입,성남 분당구,로그래머> Python|인터넷·IT·통신·모바일·게임>응용프로그래머>JAVA|인터넷·IT·통신·모바일·게임>응용프로그래머> Python|인터넷·IT·통신... 코딩)|인터넷·IT·통신·모바일·게임>빅데이터·AI(인공지능)> Python
"Technical Solutions Engineer, Wear OS",서울 강남구,"languages (e.g., Python, Go, Java, JVM... About the job 인터넷·IT·통신·모바일·게임>웹프로그래머> Python|인터넷·IT·통신·모바일·게임>웹프로그래머>프론트엔드|인터넷..."
데이터 엔지니어 모집,서울 구로구,REST API 개발 - 데이터 파이프라인 설계 및 개발 운영 자동화 자격요건 - Java 또는 Python 관련 경력 3년 이상 - Git / Bash Shell Script 사용 능력 보유 - 운영 서비스 자동화...
[INEEJI]예측/최적화 서비스 AI 엔지니어/프론트엔드 개발자,성남 수정구,"개발자 모집직무 인공지능(AI)·빅데이터, 인공지능(AI), 머신러닝, Python, 빅데이터, TensorFlow, 웹개발, 프론트엔드, Python, 백엔드, Java·JSP 모집학력 대학교(4년) 인터넷·IT·통신·모바..."
[한솔PNS] IT부문 대졸 신입사원 모집,서울 을지로2가,"개발 및 운영 RPA, SAP, ABAP, MES ERP 개발 전공 무관 (Java, C#, ABAP, Python 중 가능역량 보유자) 본사 (서울) ㆍ국내/외 4년제 대학(원) 기졸업자 및 졸업예정자 (~2022년..."
HANA Cloud Service Reliability Engineer - HANA Cloud (Seoul),서울,"K8s, Git/Gerrit, and some development languages... Python, Go, Java, JavaScript, etc. Practical experience in technical..."
"Customer Engineer, Gaming, Google Cloud",서울 강남구,"languages: Java, Go, Kotlin, C#, Python, Perl... Shell Scripting.Ability... 게임>빅데이터·AI(인공지능)> Python|인터넷·IT·통신·모바일·게임..."
에너자이에서 역량있는 ML Engineer/Researcher 를 찾습니다!,서울,"Device 탑재될 경량화된 모델 개발-Edge Device 탑재될 경량화된 모델 개발 *[지원 자격]* * Python 을 활용한 프로젝트 수행 경험이 있으신 분 * 딥러닝 프레임워크 (Pytorch, Keras..."
ML Model Analyst,서울 강남구,분석 및 해석하고 비즈니스 인사이트로 전환하여 공유해요. 인터넷·IT·통신·모바일·게임>응용프로그래머> Python|인터넷·IT·통신·모바일·게임>응용프로그래머>머신러닝(ML)|인터넷·IT·통신·모바일·게임>빅데이터·AI...
서울형 뉴딜일자리 민간기업맞춤형사업 - 인공지능 개발자 양성 및 취업과정 교육생,서울,모바일·게임>빅데이터·AI(인공지능)>인공지능(AI)|인터넷·IT·통신·모바일·게임>빅데이터·AI(인공지능)> Python|인터넷·IT·통신·모바일·게임>빅데이터·AI(인공지능)>머신러닝|인터넷·IT·통신·모바일·게임>빅데이터...
[BATTLEGROUNDS] Anti-Cheat Data Scientists (2년 이상),서울 서초구,AI(인공지능)> Python|인터넷·IT·통신·모바일·게임>빅데이터·AI(인공지능)>머신러닝|인터넷·IT·통신·모바일·게임>ERP·시스템분석·설계>데이터분석|인터넷·IT·통신·모바일·게임>응용프로그래머> Python|인터넷...
Associate Software Engineer (AvionX),서울,"software coding more than 1+ software languages (e.g. C, C++, Python, model based engineering and so on) Proper English..."
액티브 퀀트 운용 신입급,대한민국,"데이터 수집 및 관리 - 퀀트 기반 주식 전략 리서치 - 펀드 운용 관련 업무 보조 3. 자격요건 - Python, R 등 프로그래밍 언어 사용 가능한 분 - SQL, RDBMS에 대한 이해가 있는 분 - 퀀트 리서치 및..."
[데이터 프로덕트] MLOps 개발자,성남 판교역,"년 이상 또는 관련 분야 학위(석사/박사) 소지 ⁃ 필수 언어/도구: kubernetes, docker, python, shell script, YAML, git #우대사항 ⁃ 대용량 실시간 서비스 개발, 운영 경험이 있으..."
"Partner Solutions Engineer, YouTube (English, Korean)",서울,"Experience using one or more... following: Java, Python, PHP, XML, HTTP, HTML... JavaScript Experience with data..."
"Game Operations Specialist, Pico",서울,independently promote business development... SQL or python as a plus 6. Have keen insight and strong learning ability...
소프트웨어 개발 엔지니어 C++ /Python 신입-경력 채용,성남 판교동,"Operating System (ROS) using, C++, Python, and more. * Code-review, pair-program... tools. * Know Python or other high-level..."
마케팅 데이터 사이언티스트 경력 (석사/박사 신입지원가능),서울특별시,"전공 (컴퓨터공학, 산업공학, 통계학, 계량경제학, 실험심리학, 경영정보등) - 경력 : 데이터 분석 경력( Python, R, SQL등 활용) 2년 이상 (학사 졸업 후 2년 이상) 단, 석사/박사 신입 경우에는 22년 8월..."
"Partner Solutions Engineer, YouTube (English, Korean)",서울 강남구,"Experience using one or more... following: Java, Python, PHP, XML, HTTP, HTML... JavaScriptExperience with data..."
[플레이채팅 유닛(CIC)] 서버 개발자 영입,성남 판교역,"분 AWS, GCP등의 클라우드 기반에서 개발 경험 있으신 분 C++, Java, Kotlin, Go, Python, Javascript 등 하나 이상의 프로그래밍 언어에 능숙하신 분 논리적이고 체계적인 문제 해결 능력 및..."
[하나금융그룹] 빅데이터 분석 모집,인천 청라동,"모델 개발 [필요역량] ㆍ데이터 분석 능력 중/고급 이상 ㆍ데이터 분석/모델링을 위한 언어 능력 (R, Python 등) 중급 이상 [경력사항] ㆍ박사 : 경력 없어도 지원가능 ㆍ석사 : 경력 5년 이상 ㆍ학사 : 경력 8..."
[뉴플랫폼기술] 클라우드 엔지니어(보안),성남 분당구,"라우드에서 1년 이상 서비스 개발/운영 경험이 있는 분· 하나 이상의 프로그래밍 언어(Javascript, Python, Go 등)에 익숙한 분· 클라우드 보안 아키텍쳐(IAM, SG, WAF 등)를 사용해본 경험이 있는 분..."
(주)작당모의 앱 개발자,서울 서초구,"1. 백엔드 개발 1년이상, OOP/Function Language 개발 가능, AWS 개발 경험 등 2. Python Django 개발, Nodejs React 개발, MySQL 개발 경험 등 3. React Native..."
C++ Developer for High-Performance Cloud Database,서울,"multi-thread programming • Experience in SQL, Python, Git • Experienced... development on Linux environment..."
인공지능 활용하여 같이 문제 해결해 나갈 신입 찾습니다.,서울 중구,"집직무인공지능(AI)·빅데이터, 인공지능(AI), TensorFlow, Python, 머신러닝, 빅데이터 모집학력대학원고용형태정규직 인터넷·IT·통신... 게임>빅데이터·AI(인공지능)> Python|인터넷·IT·통신·모바일·게임..."
렌더링 엔진 개발자 모집,성남 백현동,"디자인 패턴, ReactiveX 활용 경험 - Java, Swift(Objective C), Lua, Python 등 다양한 언어 경험 - Computer Graphics 이해 - Image Processing 이해..."
스크린플랫폼개발팀 웹프로그램 개발자,성남 분당구,인터넷·IT·통신·모바일·게임>응용프로그래머>API|인터넷·IT·통신·모바일·게임>응용프로그래머> Python|인터넷·IT·통신·모바일·게임>웹프로그래머> Python
글로벌운용팀 (~6/12),대한민국,"1. 채용 부문: 글로벌운용본부 글로벌운용팀 2. 자격 요건 (경력 1~5년, 신입 지원 가능) - Python 활용 금융 데이터 처리 및 분석 숙련자 3. 우대 사항 Professional - 금융 관련 AI 알고리즘..."
추천 통계분석/데이터사이언티스트 모집,성남 판교역,"통계, 수학 관련 분야의 석사 또는 박사 학위 소지자 숙련된 데이터분석 능력 데이터 사이언스를 위한 언어( Python/R) 를 하나 이상 능숙하게 다룰 수 있으신 분 분석 결과를 설득력있게 전달할 수 있는 분 우대사항..."
[NAVER Cloud] MLOps 서비스 개발,성남 분당구,"요역량]- 관련 경력 3년이상- Python 또는 Spring 환경에 대한... 작성, Test 자동화 인터넷·IT·통신·모바일·게임>응용프로그래머> Python|인터넷·IT·통신·모바일·게임>웹프로그래머>백엔드|인터넷·IT·통신..."
퍼즐데이터 역량있는 데이터 분석가,서울 역삼동,"데이터 마이닝 및 통계분석에 대한 전반적인 이해 3. 관련분야(산업공학, 통계 등) 전공 4. R or Python 사용 능력 * 이런 분은 더욱 좋아요. 1. 프로세스 마이닝 지식 보유자 2. 관련분야 대학원 전공 3..."
"Java, Python 영상툴 개발자",서울 마곡동,원하면 가능) 담당업무 - 영상 라벨링 Tool 개발 - Tool 정확성 개선 자격요건 - Java - Python 우대사항 - 관련 개발 경력 - 툴개발 경력 근무조건 - 월~금 AM9:30 ~ PM18:30 복지...
응용 프로그래머,포항 북구,"Base로 개발하여 현장설치하는 제어계측 엔지니어링 회사입니다.업무내용 : 프로그래밍우대사항 : C/C++, Python, C# 가능자 우대* 성실하고 열정 있는 신입 환영* [근무시간 및 형태] 주 5일 근무 (오전) 9시..."
Data Engineer 신입사원,서울 강남구,"분류, 개인정보 비식별화, 불량 코퍼스 필터링 등 다양한 ML 프로젝트 (예정)[자격요건]- Julia / Python / R 중에서 자신 있는 프로그래밍 언어가 있는 분- 하나의 데이터도 놓치지 않고 꼼꼼하게 관리할 수..."
AI 모빌리티 서비스의 미래 함께 열어갈 우수한 인재 찾습니다.,성남 분당구,인터넷·IT·통신·모바일·게임>응용프로그래머>인공지능(AI)|인터넷·IT·통신·모바일·게임>응용프로그래머> Python|인터넷·IT·통신·모바일·게임>데이터베이스·DBA>SQL|인터넷·IT·통신·모바일·게임>데이터베이스·DBA>MySQL
C++ Developer for High-Performance Cloud Database Kernel (SA...,서울,"C++ Experience in multi-thread programming Experience in SQL, Python, Git Experienced... development on Linux environment..."
[자율주행로봇 플랫폼 백엔드 개발] 로봇개발본부 플랫폼개발실,성남 서현역,설계 및 테스트의 중요성에 대해 공감하는 분 - 코드 개선 및 리뷰에 적극적이신 분 [우대사항] - Python 또는 Go를 이용해 서버 개발이 가능한 분 - PM(Project Manager) 경험 - 쿠버네티스...
